Model,Accuracy
Custom CNN,0.6843065619468689
MobileNetV2,0.8576642274856567
