Model,Accuracy
Custom CNN,0.06386861205101013
MobileNetV2,0.8631386756896973
